Symbol,MarketCapitalization
ROG,1999474432
PSEC,1997686400
DRH,1997517440
CMPR,1990145024
INTR,1988597632
TNDM,1988027648
BBUC,1984811776
AAOI,1984792960
JAMF,1984475264
GOGL,1983189120
AILIM,1982742016
VRNT,1981695744
RUM,1979058560
FBNC,1969941632
PRG,1968326400
IVR-PC,1964443008
HG,1964017664
GTX,1962634752
ASTH,1958556672
AMC,1953535872
RILYK,1948515000
RILYT,1948515000
SBLK,1942860160
CHCO,1942298240
RVT,1928585088
CNXN,1925968768
GLP,1924479744
VRE,1924211584
TARS,1923577600
EDN,1921495552
FCF,1919616512
NABL,1914471808
LKFN,1912701440
GO,1912606720
HRMY,1909978368
WMK,1909517312
BBU,1907185152
BWLP,1905808896
EVGO,1903794560
VVX,1901520128
ENLT,1901363200
GCMGW,1900409000
CHEF,1898616064
CLMT,1898480512
ZGN,1895644160
AG,1894788224
SIMO,1892905984
PD,1892355584
TROX,1888777728
MNKD,1875287680
MQ,1873929600
PAX,1872249216
AILIN,1870751360
HPK,1867718784
GDRX,1867595904
MSDL,1865057664
CLBK,1864070144
DSGR,1861804672
PRM,1860020224
LZB,1859593344
APLUF,1859080192
TDOC,1857682048
IRON,1854202368
UPBD,1851034496
ALSSF,1847730176
INSW,1847189632
TXG,1843652352
NWBI,1843478016
TALO,1842800512
CVI,1841727872
IART,1841121280
OI,1840299392
WWW,1839937280
SPT,1838493056
OBDE,1835552128
NEXT,1827242880
APOG,1821049472
MBIN,1815915520
NBHC,1814384384
MSGE,1813356160
OXLC,1812547328
PROK,1811824000
EPC,1810479744
TY,1791789696
GLPG,1790940800
AJMPF,1790799360
PRDO,1790114688
GPCR,1788824192
HE,1788472448
MRX,1784616064
SONO,1783838208
DAN,1780342144
ECAT,1777014016
DNUT,1773100032
CODI,1772533504
LGF-B,1766969728
LGF-A,1766967808
IAS,1766596096
SJW,1765760768
LC,1763587328
CLDX,1763430528
GTY,1762757504
AILLO,1762578688
VRTS,1760866176
BHE,1756290816
PEB,1752311808
ENVX,1752064256
BCAT,1751630464
HLIO,1750213248
ARCO,1748503040
WTTR,1741926016
CSTM,1740565376
RCB,1737887000
RCC,1737887000
GDV-PH,1736712832
CUBI,1734866304
AILLP,1731449984
RZLV,1730429184
MLKN,1729137664
MLNK,1727261440
DFIN,1724566016
LTC,1723983360
BIGZ,1723771008
XHR,1717681152
AIIXY,1716279040
CERT,1715993600
CLOV,1713792768
SAND,1712789888
KSS,1711952896
KN,1710297984
NGL-PB,1709404672
RXST,1704074240
NEP,1702322560
THS,1700864000
ARVN,1699962240
BV,1699549952
NWN,1697583616
NIC,1695952384
EVO,1695937920
DAVA,1694450432
DVAX,1694445312
HMN,1694310016
UCTT,1692457472
SASR,1689429248
TVTX,1689335808
AIXXF,1688700032
AILIH,1685457920
BOWL,1685103616
NGL-PC,1681436672
HELE,1677991808
WT,1672890752
NGVT,1672785536
MNR,1671895552
GNL,1671563520
CTS,1671410048
SCL,1670906240
KOS,1670508288
WKC,1669728128
HWCPZ,1668713000
ATRC,1662975104
LOMA,1656249984
STEL,1654424960
WGO,1654410240
ADNT,1654053888
TNC,1652689280
VBTX,1651951872
NTB,1647200000
NAVI,1638359424
PZZA,1636323456
IBTA,1635836800
FDP,1633380480
STBA,1628332928
BSTZ,1628007296
HOPE,1627561728
NAPA,1625099008
RLJ,1624003200
BCRX,1623922688
BMEZ,1616960896
NTCT,1612921984
SDHC,1612403968
TCBK,1612313728
STEW,1609720064
REVG,1601036928
MCRI,1599207808
CSGS,1598644352
HLX,1595570944
PDO,1594868992
CMRE,1594524800
MMI,1587112960
LEG,1586024064
DMLP,1581149440
SRCE,1580075520
ALPKF,1580047488
MXL,1574191232
DNOW,1572871552
SPNS,1572235264
ANDE,1571989760
VECO,1571620608
INFN,1569997312
DAC,1568897280
UMH,1566161024
RCUS,1565763584
DCOM,1563714432
NMRA,1560679168
CMPO,1557868288
FINV,1556471424
VRDN,1554945280
PMT-PB,1552733440
IMCR,1549515776
DHT,1548439808
FSM,1548022784
PMT-PA,1545630848
SVV,1544720896
XPRO,1540359424
BFS-PD,1539604864
KW,1539014400
OPEN,1537400576
MTTR,1536980352
PLAB,1536963200
GSBD,1534244736
ZUO,1534024064
BUSE,1534004992
SAFE,1532306560
KEN,1530524288
PX,1529235072
QCRH,1528659712
BB,1528544256
KNSA,1525619456
ERO,1524767104
AHL-PC,1523455488
KRP,1523126144
GDYN,1520067712
TILE,1518225792
WABC,1517899648
KLG,1511497216
HLIT,1511373952
VITL,1509427584
USPH,1508141184
GNL-PA,1505399680
ARHS,1503670912
SDGR,1503076992
LADR,1501027200
SYRE,1499943424
DCBO,1499333504
ARIS,1497000704
ASAI,1495472384
TGI,1494407552
SCS,1494146688
MYGN,1489335936
ALGT,1488057216
RBCAA,1486048000
SABR,1485537920
KRNT,1482668288
MODG,1481621504
INMD,1479232128
UNFI,1477362816
NSSC,1465896576
VET,1464508544
AFYA,1463447424
NMM,1461740160
SOC,1461615360
PLAY,1460829312
AIFLF,1460431488
AMRC,1460006656
ELME,1459210880
UP,1458427008
CDRE,1454984704
GAB-PH,1454735104
AGLFF,1453528320
TWKS,1451529600
ATSG,1446717824
ROOT,1445220992
OCUL,1443252096
CWH,1442415488
DESP,1440992256
ARQT,1440823936
QSIAW,1439027000
MHLA,1437900288
AMPL,1436445056
FOR,1435478272
UNIT,1435396224
SNDX,1434009216
INDV,1431731200
ADEA,1428093568
INVZW,1422531000
DQ,1421073664
NRIX,1420976256
FLNG,1420774400
AGRUF,1418270208
TPC,1416788352
SFL,1414438144
PBI,1413633792
SBH,1413089792
ALGGY,1411715968
BFS,1410982912
HTZ,1410773888
ALEX,1410530816
DOLE,1409978112
LNN,1404779264
MRTN,1400087936
BTT,1396879488
GEL,1394865024
FSLY,1393179008
MDXG,1391578624
LZ,1391217152
NTLA,1390238848
TNK,1389369088
UTZ,1388280832
OLPX,1385508992
BY,1384374400
IMAX,1381337728
NVEE,1380767744
NX,1377871232
AMSC,1376522112
JBGS,1372764288
RES,1371521408
AOSL,1371124608
UTI,1369104512
KARO,1365483904
GIII,1362174976
SPRY,1360596992
ATEC,1359555200
DAWN,1357387136
NRP,1357367296
HROW,1356209280
UVV,1355382272
SPHR,1354776320
SGML,1351988480
GABC,1350956288
IMKTA,1348412416
IDT,1345718400
CTOS,1344568320
LILA,1343963136
LILAK,1343958784
TASK,1342293248
IRS,1340940160
OCSL,1338953472
HCXY,1337949440
ATEN,1337236096
AHL-PD,1336631424
WBTN,1336604672
ULCC,1336455936
NVAX,1329535488
AMWD,1327771520
BCYC,1326373632
CNNE,1326316800
COUR,1325808000
CDNA,1324757376
EIG,1324041472
MFIC,1322302336
TBLA,1321297408
ACDC,1321212800
AMGDF,1316585216
BLBD,1315889024
KALU,1312941696
BLND,1312920960
AHCO,1307874688
FSCO,1307162880
BHLB,1306455168
ARDX,1302696960
THRM,1298052992
EVH,1294042496
SAFT,1292834944
NTST,1289998976
BMBL,1287394176
MRVI,1285367552
FOXF,1283848704
JKS,1281592832
DSP,1281548160
LB,1280000000
NMFC,1279116800
MD,1278760320
ARLO,1278344320
PGNY,1277299456
EVEX,1276892800
OXM,1275872512
AUPH,1271429632
PRAX,1269793280
CRAI,1269771904
FORTY,1268474368
CGAU,1267926016
DEA,1267141120
AVDL,1266844672
QNST,1263667328
SA,1258246144
UDMY,1251830528
MSC,1251823616
CARS,1251410688
FVRR,1250890240
ARI,1250483840
KRUS,1250145664
COHU,1249248256
BLX,1248203264
AEGXF,1248133760
AIV,1245991808
PFBC,1245277056
PLYA,1244723200
PEBO,1244547840
ULH,1244042368
STAA,1243723648
AOTUF,1240575872
HCI,1239492992
AGLY,1238138496
AORT,1235798656
PDFS,1235691776
SPH,1234985344
RC,1233646976
SSRM,1232433280
ADMNF,1232341888
SCSC,1224969984
TWO,1222033536
PHR,1220749824
RCKT,1214212608
GAM,1210685696
PSFE,1206951808
OPINL,1206951000
NYMTN,1205548544
HSAI,1203392256
ESTA,1202030848
PRO,1201571328
PL,1200316928
RDFN,1198886656
OCFC,1196762880
CRCT,1196614272
GLOP-PA,1194965248
DK,1194540032
CIM,1192102912
VTEX,1192101888
BRDG,1189044864
FWRG,1188985088
WOLF,1187730944
DGII,1187480960
VSAT,1185082752
INVA,1184412800
MRC,1184025344
EFXT,1180908416
ATUS,1180643840
OLO,1180060672
KRO,1179118976
DXPE,1177902336
ANIP,1176786688
KFRC,1176284800
SSTK,1175159552
MOMO,1174328448
TLRY,1174271744
SBGI,1171659392
ARKOW,1169621000
BLFS,1168029696
IGIC,1167976448
PMT,1166543232
MDRX,1161438976
VTLE,1160229632
BSIG,1159467136
COMM,1159255296
ANDHF,1156936192
KBDC,1156692864
FBMS,1154366720
ECPG,1150686464
TIGR,1149410432
EMBC,1146067072
EVRI,1145285888
ADV,1145089536
CECO,1143813376
PDM,1142040064
INOD,1140581888
PGRE,1140273664
MESO,1137623296
CMCO,1137554560
CBRL,1136554752
OBK,1136410752
ELVN,1135976448
OMI,1135815680
TPB,1132785024
BKD,1131524736
BBSI,1129297024
LMB,1128211840
VMEO,1126128384
ALX,1125595648
ACNDF,1124970496
DAVE,1124096640
BRKL,1123530752
EXK,1122693632
CODI-PB,1122403712
PTA,1122051968
CODI-PA,1121572352
AMSF,1120902016
SUPV,1120333568
APPIF,1118775424
GETY,1118124032
ALCIF,1116000640
MFA,1115767168
CSWC,1113485056
SII,1111529728
GEAR,1109885568
ICHR,1109488256
GLOP-PB,1108161024
AHH,1106851200
ASPN,1105997568
MSEX,1104878464
ANZLY,1104856448
AAPI,1104808704
EFC,1102446208
BCSF,1101432832
AMAL,1100721152
GB,1099658368
IHS,1099612800
VIR,1097628416
GRC,1097358592
BCAX,1096963603
BLMN,1096173056
ANZFF,1095004800
PGRU,1094690816
LVWR,1093485056
AMTD,1092459776
TIXT,1092262528
GATO,1087900160
ADVOF,1087679488
BELFB,1086581632
BELFA,1086577536
VNET,1086551680
NVGS,1086251136
INVX,1086006784
AGRO,1085006080
REAX,1083284992
HIMX,1081500032
YEXT,1080932480
THR,1079607424
GLOP-PC,1079121152
TV,1076256512
ADCNF,1074099584
AIFLY,1071523968
AMTB,1071240064
TRS,1068252864
ASTL,1067203072
AAVVF,1066951040
NBXG,1066430784
BFC,1066288640
ANYCF,1065771328
SMWB,1064893312
PNTG,1064456704
ARR,1063905216
CTBI,1062888000
BXC,1061331840
BHRB,1059562880
AVAH,1058872960
PHVS,1058630144
GIC,1056311680
OPK,1056296064
SBSI,1055641600
NEXA,1050241216
SXC,1049472128
FBRT,1047566144
MTAL,1046967680
CCB,1044408704
JBI,1043955072
HOV,1043335808
CNOB,1041753600
AHH-PA,1039503424
BBDC,1038696896
EAI,1037792640
ACEL,1037242304
BZH,1033350592
DLX,1032870400
VTOL,1030321792
BTZ,1029369152
TUYA,1028453184
HY,1023355264
AFMJF,1023120000
OEC,1019338752
HEPS,1018784128
AMN,1017709952
MGPI,1015779200
WEAV,1015156864
PRLB,1013982784
CCEC,1013603584
FMBH,1008833088
EEX,1008830464
BORR,1007271488
INN-PE,1006536512
ECC,1005304128
REPL,1004273216
LPG,1001625280
SDA,999070336
DCO,997898304
PFC,996743744
SKE,996337920
DX,996052032
GCT,993973440
RDWR,993599296
COGT,993053376
NRDS,992893888
PLSE,992879488
FIP,991856448
AIABF,990581952
BITF,990389888
HSTM,986659328
HL-PB,984288256
FWRD,977500480
CSR,975337536
TRNS,974203712
LQDA,971628160
VLRS,971435520
AGZNF,970482176
LUNR,970291200
BDN,968087424
ETWO,967245184
COLL,963313472
IIPR-PA,962813184
AVBP,962055040
HTLD,956875968
MATW,954184256
ML,953149056
NYAX,952371968
JBSS,951951168
GOGO,950890880
ERII,949459968
KIND,947714688
CLB,946984384
CINT,945551872
UTL,945287360
EH,944437696
RWT,944380928
SBR,944009664
ENFN,943720960
VVI,940940352
EOSEW,940193000
ANGI,939838400
NCDL,936605760
UVSP,935473536
BOW,935348032
CAL,935301184
IMTX,933504000
NUVB,932290624
ECVT,932080000
PAHC,928342528
ETNB,927721984
SHCO,925708480
GOOS,923746688
STKL,922530368
IPX,922014464
AIHZF,918979968
GDEN,918322880
SLRC,918154304
PFLT,918025792
HSII,915153024
ACEHF,910575040
AGL,910559744
PARR,909781184
PSTX,909364352
JACK,907441792
ARRY,907099712
HCSG,905145152
JELD,903738368
HFWA,900970240
CSTL,900714752
GYRE,898130432
HPKEW,896175900
ATLC,896125120
ADPT,895804608
AVO,894182656
LAC,893166080
RGTI,890555840
HCKT,889338496
SCVL,888308224
ORKA,888263104
CGBD,887296832
RDW,884993984
GAM-PB,884062272
HQH,883908992
DDL,883133056
ACMR,883052032
PRA,881423040
MCBS,877750400
MLR,877706560
GES,877263936
CMTG,876593344
EGBN,876145536
EYE,873335296
CFFN,870578688
FIGS,869427200
PLRX,868989376
AVNS,868127680
ASTE,866240448
AHWSF,862650048
BASE,862171520
PCRX,862053632
PDS,862044096
CPF,860109824
MBUU,858991232
CFB,858077504
DIDAF,856719936
PLYM,855652672
GLDD,855028032
FNA,854784320
CRESY,853883008
BLDEW,852941700
GTNA,852276200
ADMLF,849180288
ADTLF,849179456
NBBK,848989312
PUMP,848143168
HNST,848072384
ADSGF,847895872
ASIX,846570752
WLKP,846078784
QBTS,844536576
CTKB,842423936
ABCL,841793088
OSBC,841003136
TRIN,840585792
NBN,840406656
CBL,839148416
NOAH,838795136
WNC,835970752
BFST,835433664
DRD,835428288
OPRA,835253056
EQBK,835209216
BJRI,833943040
AECLY,833592192
FCBC,833516288
KURA,832850304
PENG,830233216
NESR,830053888
SPLP,829964672
NPWR,829197376
IIIV,823415936
FUFU,822655104
HLF,821454784
GHLD,821224576
EOLS,820647040
ERAS,819908352
PRAA,818497664
CAPL,816862592
MBWM,816780096
SEAT,816437824
GRNT,815842560
ZIP,813856832
AAUCF,812353344
BRSP,811828160
AUTL,811672384
ARKO,810396992
UXIN,810051584
GSM,809784320
ALPC,809222016
VTS,809199168
SITC,808538880
OPFI,808499968
PPTA,807612992
ODP,803854656
MNRO,802943424
DJCO,799598144
UFCS,799289856
CSIQ,798731008
IBCP,795856256
TIPT,795217408
CRSR,794673024
NGVC,792761408
IMNM,792693376
HBNC,791245120
GSL,790316416
CRGX,787533952
TCPC,787438144
KREF,786866112
CDMO,786655872
AXL,784265280
RYI,782801728
TTGT,782328576
PRTA,781840768
DAO,781652608
TH,781635520
WDI,780448128
HAYN,779757184
CRON,779161344
LQDT,774607040
GOOD,773607872
SHLS,773483392
ETD,772309120
SNCY,771862272
AC,771543872
HAFC,769404288
PUBM,769043904
AVXL,768246016
TYRA,767647488
GCI,766537216
ORRF,764777728
RAPP,762254272
BVS,760881216
TRDA,760374400
SHEN,759515456
OLMA,758732928
OXLCL,758222000
CCO,758070912
CVLG,757569152
GSBC,756293504
PRTH,755767488
UAN,755726400
ABDDF,754937728
HBT,754269632
PGY,753496768
GRAL,752993920
MRNO,752807488
ECO,751802432
SCWX,751121280
GOTU,750337280
DMRC,748882304
WSR,746865408
HAIN,746807424
HIPO,745894016
ABL,744567488
SCHL,744234240
SWIM,742312512
LDI,742292224
MAX,742105664
HUYA,740762688
GOLLQ,739310016
SMBC,738769408
XPOF,736620736
AGGZF,735890560
USNA,735888960
SMP,734414080
MCB,734002688
INN,733987328
KOP,733734208
RPAY,731592960
LIND,730897280
NTGR,729602176
SEDG,729591744
CEVA,729358208
IMOS,727914496
NXP,727914304
PAXS,727748992
HZO,726416256
CGEM,724351296
BALY,723868992
INDI,723123648
CCAP,721216768
CURIW,721208800
FDUS,721026560
ANAB,719943040
REX,719728192
TRTX,719447232
BBAI,716675904
RLAY,716399296
OFIX,715751552
NRXPW,714611100
MCS,713696960
RERE,709446400
MEGI,708886976
SSYS,706711936
FSBC,705875392
EVLV,705824000
BFLY,705235200
NVTS,704220928
BH,703337728
VHI,702276928
OSPN,702075520
TXO,700435712
DNTH,700265024
AAVXF,699870528
BH-A,699572480
MTUS,698606336
MOFG,698244416
AMRK,698073280
ADSE,695193280
AEMFF,694906624
MATV,690608256
IRMD,690446848
DAKT,690396352
NR,690248128
TRST,689887424
ACIC,689813440
ABUS,687856000
BTBT,686185152
CRML,686145536
RBBN,685751424
YALA,683136704
AACT,683124992
VEL,682496064
AMSSY,682427200
CAC,682212928
RSKD,682119232
CVAC,681987520
NCMI,681489984
LPRO,681488512
EZPW,681362176
TSAT,678879936
STOK,678507200
AGM-PD,677903296
OMER,676853632
VMO,676430272
MBX,676254016
GPRE,675604608
DOGZ,674726272
ORIC,674620544
BIOA,674118848
VINP,673394560
GNK,673009344
IMTXW,673004000
CCBG,672017792
NBR,671697408
REAL,671308928
IMXI,671109824
THRY,670988864
NEXN,669149632
EOSE,668989824
MLAB,668064640
PACK,667724416
BWSN,666959300
CTLP,666364032
ADTN,666169536
OPY,663172608
PLPC,662253504
ECX,662240832
ESQ,661294528
CAPR,660677632
CMRE-PB,660667520
VREX,658422016
ESPR,658096896
LAB,655175872
PTLO,654675776
RCAT,653530368
OCS,652244736
INNV,651538560
METC,650724736
METCB,650724416
ALT,650078848
ABVX,649939840
CNDT,649153408
EVER,647993024
SPTN,647416192
CLNNW,646977800
NDMO,646249920
AXGN,645601792
HTBK,645524032
HTBI,644399104
UVE,642662016
OPAL,641195584
FNKO,640126528
PGC,639929088
FFWM,639149312
DDI,638247808
ATEX,637862912
SPFI,636739840
LXU,635995392
EXAI,633178496
RGR,631669888
KRT,631560320
OLP,631133312
MREO,630797248
ALMS,630534272
CGNT,629081280
BBW,628437888
CLNE,627913664
CLMB,625924544
ADLRF,625195264
CUBI-PE,623793344
NGL,623101312
WASH,621503616
ALTI,620827456
CMRE-PC,620500480
ITRN,620282432
DHC,620076736
CUBI-PF,619213824
ATLCP,619017900
UIS,618715328
SVRA,617828416
TRML,616191680
EXTO,614863040
CTO,614811840
PBT,614304000
ORC,613394240
PACB,612176384
LEGH,611688128
SWBI,611336832
AMPS,611200000
CASS,609802176
CION,609057856
AMBC,608220544
MLYS,608173504
NPK,607789952
MPB,607440448
CMRE-PD,607270464
RSVR,606570176
PLOW,606219008
CSV,606031616
BHK,605991296
AOIFF,604992000
SMBK,603933952
NVRI,603418048
FPI,603374080
FLGT,602560000
LYTS,602136896
LOVE,601187648
GLAD,601120896
LENZ,600485504
SLP,600410624
GMRE,600053184
BIGC,599607168
FRPH,598128640
CCRN,597766400
CHPT,595350016
FUBO,594685504
NGNE,593144000
TALK,592919744
FMNB,591630400
IIM,590708416
IGMS,588695808
CRMD,588568832
MGIC,588209600
RXT,587128000
THFF,586518208
FPH,585547072
FTEL,584584768
HIFS,583958144
LVRO,583040000
CCNE,582365248
ZKH,581594368
PHAT,581207872
EYPT,579451392
HUMA,577719296
CLCO,577305088
SFIX,577135616
MSBI,576770432
NAT,576278784
ATRO,575477376
IIIN,575396096
CDXC,575166208
CMP,572830720
HONE,572670784
SRDX,572037184
BAND,571384896
NWPX,571317696
AROW,571288384
BIT,570468032
SHBI,569555008
MEG,569391616
GPRK,568754240
BCAL,568037440
ASPI,567172288
HKD,566821888
NOA,565513152
NFBK,564617920
VGM,564555136
RYAM,564239296
SGMO,563237440
SIBN,561971840
OPT,561687616
API,561657472
DXYZ,561402816
TK,561234560
GGT-PE,561117760
VKQ,560548608
NYMT,559780672
KIDS,559387328
ACCO,559143616
MNTK,559135232
DGICA,558808768
DEC,558190272
UHT,558000384
GDOT,557769344
QD,556848768
QTTB,556559808
SEI,556196032
DNA,555820992
CNSL,555614912
NOVA,554791296
JMIA,554757440
EBF,554663168
ALRS,554148672
CRD-A,553933312
CRD-B,553933120
ACNFF,553258624
DGICB,552736768
RDUS,550695744
ATXS,550233472
LZM,547521600
TERN,547006464
AAYYY,544901376
LASR,543861440
PFIS,543209216
TBLD,543146560
MYTE,543144384
GLUE,542486080
ANNX,540431616
EBS,540216512
HYLN,539843136
FTHY,539827648
RILYG,539118912
BUI,538061120
IQI,537828224
BME,537290240
RILYZ,536785024
RILYL,536572896
TEN,536411808
IRWD,534493504
BGS,533564672
HNRG,531861376
GCBC,531576672
HIVE,529072192
AIOT,528207968
DH,527940128
BLE,527861760
DIN,527529568
ALZCF,527222080
LX,526921152
AGPYY,525054624
KRNY,525032960
FLWS,524854592
JBDI,523379392
CRVS,522411872
EAF,522049024
GLRE,521790848
MNMD,521388384
CHCT,521072288
RMT,521011968
HOUS,518480896
AGFMF,517966624
AUNA,517423200
VERV,517295840
LAAC,516512064
FFIC,516264576
ABIT,515971264
HPP,515879584
TREE,515373344
URGN,515254688
GUG,514489568
KELYA,514159264
KELYB,514068480
PSBD,513204576
BLW,513156032
PHAR,512948960
SANA,512402368
RDVT,512361664
ITIC,511928800
PRTC,510976448
GRO,509895392
LINC,508388096
IVR,508312608
AMVMF,507258688
SENEB,507074400
TTI,506150400
SDST,506092736
SNDL,504564000
SIGA,504117216
CPAC,502708000
HCAT,501993536
VCV,501892416
GAIN,501166976
ODC,501106336
FARO,500173408
EGY,500041280
MEI,499905536
GBLI,499881248
OFLX,498355584
SLQT,497361632
THRD,496994144
BWMN,495567456
CBNK,493250912
CTNM,493115648
CLDT,490848576
TSHA,487764384
UMH-PD,485652480
SMLR,485295776
BLDP,485062016
TBPH,483875104
ARCT,483510112
SENEA,483445984
GFR,482806048
TMCI,482802528
FC,482281056
PRCH,481859584
TCBX,480136384
VALU,479850688
CCSI,479501440
TYG,479145696
ASC,478929952
LMNR,478916928
CVGW,476727104
ORGO,475951424
QTRX,475899584
YSG,475050528
PKST,474061344
CGC,473444256
NRIM,473331904
KE,473129024
AGS,473113824
GHM,472512768
XFLT,472447488
MGTX,470483456
GAMB,469361024
VBNK,468826880
CELC,468575552
OABI,468320288
GOODO,468307200
CYH,468254752
NLOP,467501728
NNDM,466976960
RIGL,466621600
BOC,466216128
NPFD,464675616
VLGEA,464512736
MOV,463542528
MUX,463092000
GRPN,461704160
BWMX,460485600
RICK,460466208
GRVY,459461280
MITT-PA,459396544
NNE,458844864
MLP,458398432
SVC,456615520
CTV,456082240
SHYF,454637536
BFK,454335712
SNDA,453293920
ECCX,452267488
UNTY,451766656
EBTC,451551808
NRC,451443456
NEWTZ,450615456
DHIL,450349344
ANSC,450224992
CLW,450145088
SOHU,449131840
BSRR,448793056
ALLO,448698112
FMAO,447973664
MITT-PB,447959488
TWI,445764160
KALV,445646368
MYE,445627200
OUST,444949152
ACTG,443998976
AIHLF,443170720
BSVN,442866912
PNNT,442707520
TCMD,441786592
KODK,441395968
AKBA,440725600
ENGN,440438720
ALNT,440338752
CARE,440213760
NCV-PA,440200128
PKOH,439651872
CANG,438332992
GTN,438010528
ADNWW,437761800
RVNC,437442432
CRMT,437419072
SD,436517664
MTLS,436506592
AGMJF,436103840
GTN-A,434953760
CAN,434485888
LE,434321984
MFH,433717184
RGNX,433024160
QUAD,431544160
NMAI,430856000
RNAC,430274272
OOMA,429872032
GHRS,429588000
PTSI,429550880
OXLCO,429277024
GCO,428561472
WOW,428114304
LSAK,427805280
LAND,426979456
SGU,426681856
NEWTI,426240736
WALD,425369952
TRC,423532000
RBB,422695328
YRD,422501664
BYRN,422381856
SLRN,422372448
CLFD,422371008
EVN,422059008
PERI,421348064
GNTY,421328192
XPER,419610656
MERC,418611232
BWB,418241920
DCGO,417275968
CWBC,416993280
WDH,416902208
USAP,416426656
FBIZ,415497568
SNBR,415429472
AURA,413598400
FISI,413326560
AIRTP,412354816
SB,412163072
RRBI,411988416
PSTL,411628736
JILL,411502432
LESL,410631168
NETD,409771328
MITK,409365664
TWFG,409252800
AIRS,409227872
SDHY,408833248
LANDM,408052960
EGHT,407662368
NL,406901344
GMRE-PA,406416448
LSEA,406368480
BIOX,405378368
RMAX,405154624
CWCO,404740032
AMCX,403705312
COOK,403560160
GDEV,403410592
BMRC,403037472
MCI,402834368
APPTF,402538816
EHAB,401769952
GNE,401469920
HBCP,401219648
LEO,399907584
AMBZ,398379232
CDXS,397937856
LGTY,396317696
APPEF,396317216
ACNB,395459136
ADBKF,395265728
USCB,394431104
GBAB,394343840
AQST,393889824
SKYT,393161984
KTF,392903168
SPLP-PA,391354368
TRAK,391196384
LND,390492768
SVCO,389680032
PRME,389548160
HQL,388924128
NREF,387891360
KOD,386784928
AOHLF,385745408
HRTG,385700384
DOMO,385536448
PAMT,385332448
SLN,384800608
BBCP,384368960
LRMR,384115744
LXFR,383558336
HVT,383115136
HVT-A,383114432
RWAY,382711808
NUS,382277600
OTLY,382236000
TRUE,381745824
ASA,381496896
CURV,381224480
ACRE,380704544
FRBA,380243328
MVST,380111008
EFR,379905024
DDD,378380672
MXCT,377629120
RNGR,377501024
AMIVF,376457632
LSEAW,375802500
CRNT,375253856
PRQR,374910784
SOR,374728128
SCM,373937408
NEWT,373268064
TNGX,372740448
APEI,371954112
PNRG,371151776
BARK,368782464
CIO-PA,368537600
SMC,368338528
EWCZ,367851776
SSBK,367815616
POET,367603296
MTRX,367582368
HEAR,367452000
DOYU,367289312
RMR,367234080
DCTH,367059200
NECB,367030144
KRRO,366486336
WALDW,366375000
GEVO,366292704
PMTS,365358784
NVEC,365355232
LOCO,365258240
NNOX,365176640
GPAT,364406272
FHTX,363022944
FSBW,362638496
MAMA,362622848
LWAY,361374432
DADA,361128928
CIVB,360995328
MTW,360050720
CYRX,359360448
AEHR,359126208
GAINL,358338048
HRZN,357785888
INBK,357463808
GUT-PC,357120352
MBI,356700384
AIP,356373536
SFST,355932640
LAW,355858272
BRT,354681184
IHRT,353946592
BGR,353253408
EFT,352755648
MSB,352272000
GTI,352178400
BFZ,352044768
SPIR,351389312
AHG,350962464
CLPT,350877632
CYD,350421184
NODK,349993792
DSGN,349917760
EB,349740032
GILT,348944032
ALFDF,348394144
MEC,347237120
PPT,347020736
TITN,346916992
BLZE,346668000
SMRT,346624192
RFMZ,346282592
ORN,346221984
XYF,346107616
MPX,345047744
KMDA,344953792
IPXX,344687488
ARTNA,344363264
MCFT,343977984
HTFB,343844100
BLDE,343798464
ELYM,342677632
SAGE,342570464
JOUT,341693888
JFIN,341529408
IPI,340926880
VYGR,340863744
AMLX,340683072
AKCCF,340652864
AKKVF,340232480
OIS,340168288
TKNO,340103136
CDRO,339734240
VMD,339526432
CZFS,339463936
LWLG,338972960
NGS,338793824
BTMD,338652448
NATH,338451616
KLTR,338310720
AEPLF,337876704
COFS,337792224
NPCE,336686560
ABSI,335379520
AGXXF,334590784
OBT,334036032
SPOK,332264608
AGYTF,332240480
RM,331523584
PCYO,331486592
AIRJ,331307648
PMO,330785792
AEYE,330757024
SAR,329977120
VALN,329684768
TPVG,328802304
JMSB,328236608
KPLTW,327128800
ASLE,326714304
RCEL,326146944
NPCT,325219072
CVRX,325133568
ONEW,324829056
FINS,323307520
UROY,323203296
CERS,323144128
JSPR,322980160
ABGSF,322604608
DENN,322346752
ACR-PC,322127616
BCML,322077696
ZH,321922144
DBI,321897120
HLLY,321685120
QURE,321217024
FLXS,321179424
LGTO,321044320
FORR,321032384
FLIC,321022272
FNLC,320391904
DSX-PB,320050720
SNFCA,319465568
AMBI,318585984
BRY,318527456
NCZ-PA,318407232
REFI,318275232
CRNC,317782272
CZNC,317530368
ISPR,317220384
FSTR,317213632
JAKK,317070144
HYAC,317045472
SERV,316702464
BKSY,316099328
FDMT,315272928
CVEO,315121664
RMM,315044032
VNDA,314863744
ACIU,314639072
OB,314280704
ACGAF,312991808
TTSH,311211872
OIA,310748416
EXFY,310480512
PCB,309444736
FLYX,309254400
VPG,308988928
MIN,308972512
SMTI,308825184
CBAN,308824128
CUB,307721920
CPZ,307636576
AOCIF,307553184
PBFS,307530976
FDBC,306819712
FRST,306808704
BNED,306419520
NWTN,306220128
GWRS,305192160
CHMI-PB,305011200
PBPB,304759680
AGTEF,304386016
BYND,303847264
RZLT,303621824
ARQ,303471744
BYM,302291520
QUBT,300273728
